028cdee6ab2b401aaef3417c85403ab0	画库 - 角色档案	780	1864	https://contribution.usercontent.google.com/download?c=CgthaWRhX2NvZGVmeBJ7Eh1hcHBfY29tcGFuaW9uX2dlbmVyYXRlZF9maWxlcxpaCiVodG1sXzAwMDY1YzY2MTQyMDJiNzEwNGVhYjdkN2E2MGM0OTZjEgsSBxCK4-LF_wwYAZIBIwoKcHJvamVjdF9pZBIVQhM1NTUxMjIxMjg5MzkzNjc1NzUw&filename=&opi=89354086	https://lh3.googleusercontent.com/aida/AEtjO1U-UzLHEWx3oLLMCRmrxUtkTdmp_yf0qc9NFUayaE9YeXq_XG4O47Xv5drvnf81P8LXtln4w8WEOMJ4ZUCrF37nlyRCeZ1sJ6yQLGXzkSYztt1ItOULxPYvuZs-k1Ctdka5LxcBDqHB8zte42gQCG_rYxJRyl6OlGTdRVbhonDHd3MC9flHZYyltLGEYxWDblRt_LrvgNexr3wFs8LNa-bv1tWA7dvWhqF7wb34wlq6-uKAxWB7r0fHeA
f0616dfc52ab4d2190a3165a2f4e9eaa	妖画集 - 约稿手账与画库管理	390	884	https://contribution.usercontent.google.com/download?c=CgthaWRhX2NvZGVmeBJ7Eh1hcHBfY29tcGFuaW9uX2dlbmVyYXRlZF9maWxlcxpaCiVodG1sXzAwMDY1YzY1ZTE2MWVmNDQwN2M0ZjM1YjY2MTBjMzczEgsSBxCK4-LF_wwYAZIBIwoKcHJvamVjdF9pZBIVQhM1NTUxMjIxMjg5MzkzNjc1NzUw&filename=&opi=89354086	
c51c0773fd4944389f17de1d59bec9a8	妖画集 - 首页	780	1768	https://contribution.usercontent.google.com/download?c=CgthaWRhX2NvZGVmeBJ7Eh1hcHBfY29tcGFuaW9uX2dlbmVyYXRlZF9maWxlcxpaCiVodG1sXzAwMDY1YzY2MTM3YmIzYzQwNTNiNzk2ZWVmMzZlNDhiEgsSBxCK4-LF_wwYAZIBIwoKcHJvamVjdF9pZBIVQhM1NTUxMjIxMjg5MzkzNjc1NzUw&filename=&opi=89354086	https://lh3.googleusercontent.com/aida/AEtjO1URHRo2_I0ic88QAOirdFxRsFhsGqCooc7-mdw-D8TabUjPpuv4RkeDBUcKuCbb4Ro_U5p019timxeHF3NweZZsocyIla85Vkx5vhp6AZwzDQvUKnNQea82wU7-pqLBFLFtdTsgDRVOHLAaZWFK-RIfhPxXKFOaSenPgLXSe6xO9Uo8VhTJ3ZCs9F1GOEuXgGfVe2XYFDiBrwKsK4b6pIHyYQbZ-8nnQRncVqJA8oWFGVmmBbzUjt6HC-g
bd32f765857846558eede0bda53fcc36	画库 - 添加约稿	780	1768	https://contribution.usercontent.google.com/download?c=CgthaWRhX2NvZGVmeBJ7Eh1hcHBfY29tcGFuaW9uX2dlbmVyYXRlZF9maWxlcxpaCiVodG1sXzAwMDY1YzY2MTRhMWJjYWYwNTc2MzFmZTc0MTA0Y2Y3EgsSBxCK4-LF_wwYAZIBIwoKcHJvamVjdF9pZBIVQhM1NTUxMjIxMjg5MzkzNjc1NzUw&filename=&opi=89354086	https://lh3.googleusercontent.com/aida/AEtjO1UivHSJY7vd0_QkRxu-Fnl9NmUpap9Xrt53h0LOfXXPjsxsMFYe8tHqrf616xfwPpGTWA7e8Qpsyy7cpfbGN6uzOynkgCw8lpV2-vNYu3-UPyHPITTa0VYFi2H34dH5IgpKrqFocAAAHemNde56RxUovVKjtdJIAxgAMTat-Hb6cj8JpuezffxpNYLQZxWAGoMf3HB5iuHcnYkrU0xEfRuhwyvXYSM8Ley6cfQndMInpnGc_EhWDZqVLqc
eb8a42ae85f34f8f992472305511c57b	画库 - 添加约稿 (新建分组弹窗)	780	1768	https://contribution.usercontent.google.com/download?c=CgthaWRhX2NvZGVmeBJ7Eh1hcHBfY29tcGFuaW9uX2dlbmVyYXRlZF9maWxlcxpaCiVodG1sXzAwMDY1YzY2MTUwNGUwOGIwNWMyZmZiODRjMjNlM2QyEgsSBxCK4-LF_wwYAZIBIwoKcHJvamVjdF9pZBIVQhM1NTUxMjIxMjg5MzkzNjc1NzUw&filename=&opi=89354086	https://lh3.googleusercontent.com/aida/AEtjO1Vg9uIyXO0TTt_PHePRyroA9p-Mm7E1NS_Ftj_v9-PlPZZ1AV344KpJagiq7kViwsBVVcpStBWqu7bejKy6Y_IBZHlSGOqaebZVvGr6F2NUejkyNC5ADUlcUbKCf4U4ng9nABRLpRzHG8dYz2mBJs4uEwsLUI4KcZTFLYr6yIE1xjFqtsBXYWjNBUjch8pr0eCISXjdJSupdG9oCnQDLB3bKl2RfJiDAWmb-tttx-HSKGF7l3hHYG-EEQ
18055c486c394403862ef25a4ae3570b	妖画集 - 稿条价目表与海报	780	3246	https://contribution.usercontent.google.com/download?c=CgthaWRhX2NvZGVmeBJ7Eh1hcHBfY29tcGFuaW9uX2dlbmVyYXRlZF9maWxlcxpaCiVodG1sX2M0OTdhMjA5MDU3MjQzNzBhZmVjOTNmYTllNThiZTcyEgsSBxCK4-LF_wwYAZIBIwoKcHJvamVjdF9pZBIVQhM1NTUxMjIxMjg5MzkzNjc1NzUw&filename=&opi=96797242	https://lh3.googleusercontent.com/aida/AEtjO1U7888VP3lfOacxAfRSwN4vOuVKfDupr1JrkTGFR36jEJDaj9XCiTUZe7x-yxi2rcwtS5O2LlZkfnJ4-1yKLlWGQzV-BrV8ryOTKY_dhmBg6wtRl0-ijoKSq_QhjeQsGq0yKygMRj4KZTB6_-4Y6jIHbUIXQvoMflMuOaOaBPvACNqWyFO2mqq1iRO_DnU5YNDIFDZ-xW6lBYgWYsL5nEgMY3p14YcMl8SoWBdynru1BfB1O_j61BVr6xg
550b00af640548b893542b45d4dc2b65	画库 - 新建文件夹	780	2346	https://contribution.usercontent.google.com/download?c=CgthaWRhX2NvZGVmeBJ7Eh1hcHBfY29tcGFuaW9uX2dlbmVyYXRlZF9maWxlcxpaCiVodG1sXzAwMDY1YzY2MTQ4ZDlmYjYwODlhZjcyYWVlMDc3ZTA3EgsSBxCK4-LF_wwYAZIBIwoKcHJvamVjdF9pZBIVQhM1NTUxMjIxMjg5MzkzNjc1NzUw&filename=&opi=89354086	https://lh3.googleusercontent.com/aida/AEtjO1XqdQZmajGEtHuO-eNn98Pw_QRDt3Vh1wbLUnOwTf5FXMvc8u7GFiQZWGYuh_Hishu1UFA0jgqsEx3RMsWC66VXsyeHP0JCie4aCmozssBM4O7iGoNff-FBYVHqYA_DctuXqz3Dh3D-NsKRa6fXXttx8ad0MLFlwpHdeQqruVXh1GzGfUJ-8Hi6XpKnsnE3FfcfQ2ZQdJrWj_MoYd1Ipkjiogc-7nCkzNvc-Ldrn3IM8wdnNYcWrcJXhAQ
b82b1123ec4a4e27975631570c40ab0c	妖画集 - 记账钱包	780	3222	https://contribution.usercontent.google.com/download?c=CgthaWRhX2NvZGVmeBJ7Eh1hcHBfY29tcGFuaW9uX2dlbmVyYXRlZF9maWxlcxpaCiVodG1sXzMxOWY3ZDA1YmMwZjQzMjM5MmU4ODM4NjExYzNhZWI2EgsSBxCK4-LF_wwYAZIBIwoKcHJvamVjdF9pZBIVQhM1NTUxMjIxMjg5MzkzNjc1NzUw&filename=&opi=96797242	https://lh3.googleusercontent.com/aida/AEtjO1VY7AIwr3RHY0x2-200T1KZRNe8qj2d0E-epdi42UqO_pJ2csDAdIbUTJ6BzPqZguSizVi4W3qDB9g1I5PdQ0VqoxjVx2NLW19kblGaX7Mbyo6lIptgityGOVTDwyqM6dCR_Aad4nHk990j22UsIu_pOERBHXlrqOfZ0uqbRXMFM3jdTTfVgteiUFV440vdj_Di7t4UGKT4lAEU75nZUuTbHa2v8-dNTDEJkDZcQbym98gmZIkp_m_qyg
379aa6b9c54c4f249240941af515fd37	妖画集 - 文件夹画作相册与浏览	780	2378	https://contribution.usercontent.google.com/download?c=CgthaWRhX2NvZGVmeBJ7Eh1hcHBfY29tcGFuaW9uX2dlbmVyYXRlZF9maWxlcxpaCiVodG1sX2FlZjk3ZDM0N2U1YzRkZWU4ODg0YjNmNzhkMDIxMjkzEgsSBxCK4-LF_wwYAZIBIwoKcHJvamVjdF9pZBIVQhM1NTUxMjIxMjg5MzkzNjc1NzUw&filename=&opi=96797242	https://lh3.googleusercontent.com/aida/AEtjO1UPr5P5j6-yT4JDCbsmeja2yUXKlTillXu9NsyzlpK6fwVSoJ5-hPpAyRtBLKagxc0M4l-B6dT_rbRoMFkr_uCKQiE9hIb4Cd2tn078H8eUCPV2ijl3xQM7r4IwzC5eF8awTuRX_fdwHGxulGEhcUHYOfSuW4Aj25DJJ4VYYkOa67Dnc0KGJij1VVxFG2lo6Jyc-pCoCzqck9JNvuZfa2XGM1_MuuKGzraNZUG8WkU1gqgj15fSGyK3zck
79a0c9260c86499fa558ba36a648324d	画库 - 新建角色	780	3196	https://contribution.usercontent.google.com/download?c=CgthaWRhX2NvZGVmeBJ7Eh1hcHBfY29tcGFuaW9uX2dlbmVyYXRlZF9maWxlcxpaCiVodG1sXzAwMDY1YzY2MTQzMDY3NGEwNzc5OWQ1YzAwMjQzMDE4EgsSBxCK4-LF_wwYAZIBIwoKcHJvamVjdF9pZBIVQhM1NTUxMjIxMjg5MzkzNjc1NzUw&filename=&opi=89354086	https://lh3.googleusercontent.com/aida/AEtjO1XErjlR9cEg7LaqlMQC95bxQa4EjszCIX6BuP761QZnYN9YYqJhzVDqJp2IDTxb15QEZdWCGHoHqDGLUjoHeEQEUVJIaO81Lhvy_2vxGupTxcAMiEutWdlo_lvlyWYgKJC6q9nPrAVy_8XB9vpU5-M63Bt9yrahsDbWxRPLcqS-WqhAWzLNUWo_1do0ep51LFepQJWCm824qPI5p-N_TjRjiYRAl4nO-Zq0ULScluoD4JSfybHmAoYeyaQ
9be17b0996dc45f99625f31486524e01	妖画集 - 主题配色与背景切换	780	2788	https://contribution.usercontent.google.com/download?c=CgthaWRhX2NvZGVmeBJ7Eh1hcHBfY29tcGFuaW9uX2dlbmVyYXRlZF9maWxlcxpaCiVodG1sXzI3ODI0NzYzOTA3NTQ1NGRiYzJlZWE4NGRkNmQ0YjUwEgsSBxCK4-LF_wwYAZIBIwoKcHJvamVjdF9pZBIVQhM1NTUxMjIxMjg5MzkzNjc1NzUw&filename=&opi=96797242	https://lh3.googleusercontent.com/aida/AEtjO1WvBHgx2uRvL8htg9zcN2vtuRJV6b2M-jinGL5dW0rbu3Gww_4QqAzltvANEYq9Q3E692XVH7TAZ9x0BW1-hV1vQdN9gz_5c0_QN6saTIYD21DOdkNf_OBT8gIA2DfZ4e5rHvmUvMHCgcsvGbnVL0hrz6lkWMv7knzImHttr_8Zz6chQK8BvhqobjE_Jst3ColH-m9JIyAJlXq-U8nDHqgAu7AvuaK3CI6gTmB4h9hjMRRmlWHCFDa2u-4
63672454b23b4f47925ca275d4370b03	妖画集 - 存储空间与数据备份	780	2830	https://contribution.usercontent.google.com/download?c=CgthaWRhX2NvZGVmeBJ7Eh1hcHBfY29tcGFuaW9uX2dlbmVyYXRlZF9maWxlcxpaCiVodG1sX2UyNGY4YzBlMWZlNjQ0YzFhYTcwYjA3NjZlZGUxNTJkEgsSBxCK4-LF_wwYAZIBIwoKcHJvamVjdF9pZBIVQhM1NTUxMjIxMjg5MzkzNjc1NzUw&filename=&opi=96797242	https://lh3.googleusercontent.com/aida/AEtjO1VwhGy3BeqrPvAeJnY9j8Wd00LnvVhuUSlwGEVbg9esNrawCdJ5XKnpmZbwGV5UAtxmTfQR4tHahbwXMV7WE4C7Jk4n68vEkutkaC48J8hE0-CMcL_2mz_8MV-CN8U9152bnKaApgXCnR0k3cNLheDX15mWOoUqe6_qLgk84iKdaofiDY0eANmeunZiZQ3Eip0y3iKi_ihscaES8UV9wcWH7JpGknXK4PnaQbGzfihOvcOwkko5WUxDiRo
eac3e3239a2b4529991c87a5e7e69a3c	妖画集 - 稿单	780	1768	https://contribution.usercontent.google.com/download?c=CgthaWRhX2NvZGVmeBJ7Eh1hcHBfY29tcGFuaW9uX2dlbmVyYXRlZF9maWxlcxpaCiVodG1sXzAwMDY1YzY2MTNkZDI4NTQwOTEwNGY4NThhMzA5NGM0EgsSBxCK4-LF_wwYAZIBIwoKcHJvamVjdF9pZBIVQhM1NTUxMjIxMjg5MzkzNjc1NzUw&filename=&opi=89354086	https://lh3.googleusercontent.com/aida/AEtjO1VEcUZlvnSb-cy6dIoFTV3fU7jb9877dURgnTvD8O9jMM0PuuQUM8ZleiLauxWptZh7o9ZrQPv9Cbc3yJxqNg-Jy5Zfd8p-i2TSqQ0Re2WceUoeacJ6-t5nKB7RO4zAO1i26KCmr1gLqK4v0RIFWZTlQsiEaklAnZG5FzsHERwPOkRGsSbaWtSj8FjkFEcFc5qnElwjX3YrxNW9lP-0eH7F9c-n4WZLH_5fAb0jgMqVzGiGuuTiOmH3hA
6e504c2335364dfab82f76c24b0c8654	新建稿单	780	3302	https://contribution.usercontent.google.com/download?c=CgthaWRhX2NvZGVmeBJ7Eh1hcHBfY29tcGFuaW9uX2dlbmVyYXRlZF9maWxlcxpaCiVodG1sXzAwMDY1YzY2MTNhNjgwZDIwNTc2MzE1NWNiMzAwYTkwEgsSBxCK4-LF_wwYAZIBIwoKcHJvamVjdF9pZBIVQhM1NTUxMjIxMjg5MzkzNjc1NzUw&filename=&opi=89354086	https://lh3.googleusercontent.com/aida/AEtjO1WN_5A0KfzHID3grDyt3_GUTo-kggt71NQK-89ccuflYkPIAISrZ1OxzYwxXWoAMujPCJO9ihriSQ60xnNxg5rc5Xg-483GEiGivUFSwkClws0e4BBon_SljGkwNkss3suA8d0fLbbtX9hiyX0nh9AdZarS8v_0We_hMx9wX04Ee0y8Xs3_YNnJkf4SDGuMxkfamZDfuwK_qmYl-rNr9IZ_IF4Znl-bcrQMUyUplaJDifkxBXEuUV0_bg
53f81ed7595646a4ac4dbe21ac90d3f7	画库 - 新建弹窗	780	1768	https://contribution.usercontent.google.com/download?c=CgthaWRhX2NvZGVmeBJ7Eh1hcHBfY29tcGFuaW9uX2dlbmVyYXRlZF9maWxlcxpaCiVodG1sXzAwMDY1YzY2MTRkMGE1MTQwNTc2MzFmZTc0MTA0Y2Y3EgsSBxCK4-LF_wwYAZIBIwoKcHJvamVjdF9pZBIVQhM1NTUxMjIxMjg5MzkzNjc1NzUw&filename=&opi=89354086	https://lh3.googleusercontent.com/aida/AEtjO1UGnWvXwmAOtor4ThCpyPf7lC17bFbSwOLJSJKGM3i_x-TXOMyiHC66dsFiOPEO6uXU4bZetBDHZzgX8XQQxUV1uUekq_AWQurYNSwDoZYInD3mdzAOeDKleQqpk3cCTilTf2xJJih1Cjx0it9_Pxn2tqY7dEz3m04ftKQ66nzcAW21wdYwrpjKzYWq5nc9Sa0rNPa-ge82GogqgU0gWZaWpxl_hNutTGYtoPYcMPV7iaKQjCBWQcSI8WE
f90b95e210cf4edcafa2cbaf00167c40	妖画集 - 画库	780	1768	https://contribution.usercontent.google.com/download?c=CgthaWRhX2NvZGVmeBJ7Eh1hcHBfY29tcGFuaW9uX2dlbmVyYXRlZF9maWxlcxpaCiVodG1sXzAwMDY1YzY2MTNjZTRmYjkwMzM4NTlhMTMwMmNiZjM5EgsSBxCK4-LF_wwYAZIBIwoKcHJvamVjdF9pZBIVQhM1NTUxMjIxMjg5MzkzNjc1NzUw&filename=&opi=89354086	https://lh3.googleusercontent.com/aida/AEtjO1XdB3B1_xtgsaT-bqn1u3C3hJLxzWRU59SIzTu0qxEqEJlWvTscHKf1ya_-7iMw0mcYatnzGHJuAwmnxaZQ-iV0gKD1PJkclUXgqjRCjeqHWhCM9g-ZbsqMNWW5quqb_5IaP75mW4s8FMaafLQFU0jzvknhFEj1ereHrHNmpLY1CPzr0kybVS215W0JEwj1U37WhgxvAXE2EYOvarQchtiDQjxIiaqNp5OpVpuGxFWhpL9cImp9ZduaJPA
87884fab696a461fa008b0c935a0bfac	妖画集 - 稿单详情	780	3216	https://contribution.usercontent.google.com/download?c=CgthaWRhX2NvZGVmeBJ7Eh1hcHBfY29tcGFuaW9uX2dlbmVyYXRlZF9maWxlcxpaCiVodG1sXzdhMDM1Zjg2ZjY0ODRiMTZhYzQxYjdiZmNmODM4NmZiEgsSBxCK4-LF_wwYAZIBIwoKcHJvamVjdF9pZBIVQhM1NTUxMjIxMjg5MzkzNjc1NzUw&filename=&opi=96797242	https://lh3.googleusercontent.com/aida/AEtjO1V8-UXfvjC4Rm0b8dvNvFi-ZljwEOrhKYcoDQtAXvUnH3ZYK_1TPhzWI6y6VENPndd3N6vePcNh21PkPd9M16AHAnfzTpTWlcW7EL28sIJohUdh2oYfzveVJOq9tJb33mQgjxVXNHs3i1fi7_qd3EFXHL9Gqx3SvB5bwrX-DGWxr2rcR3q1Au2f2I790EvZVd_PWiKNF7hfF04A2k5it5nUiDzON6dhw_t0KryuH1l07YN46FiSXFnJhec
ddf5e8ec0386432293485151e94df82c	妖画集 - 我的	780	1768	https://contribution.usercontent.google.com/download?c=CgthaWRhX2NvZGVmeBJ7Eh1hcHBfY29tcGFuaW9uX2dlbmVyYXRlZF9maWxlcxpaCiVodG1sXzAwMDY1YzY2MTM2Y2QxY2UwMjA3OWEzMjIzMTM2Njk1EgsSBxCK4-LF_wwYAZIBIwoKcHJvamVjdF9pZBIVQhM1NTUxMjIxMjg5MzkzNjc1NzUw&filename=&opi=89354086	https://lh3.googleusercontent.com/aida/AEtjO1XSg-g-JkbUNfX25FZwtj7CQUANuRav6szUZeNOeEWYaCFLYbhu2L8-sc7IWD3CalSI9q7FyhxKD7zPzrowIQEL8gFOOqyJGYrCuwP2_jXqIaWUwjOiigQWj1PmkQOkrMcyzbHt8vq65V7MZzDoqmnPPzORkbfYDhhQpMk6YGcTHNme5WM67Y8b3PU6YhmQBz3vWp4EGvu47S5nGK-GQx11qBrrU8_pguGiI6t_kG7Ljo5-pUwT7v9zeU8
